Workbook

Sheet Job Tracker
A1: Job ID | B1: Date Added | C1: Company | D1: Job Title | E1: Location | F1: Experience | G1: Work Mode | H1: Platform | I1: Job URL | J1: Skills / Keywords | K1: Match % | L1: Referral | M1: Applied? | N1: Applied Date | O1: Status | P1: Follow-up Date | Q1: Interview Round | R1: Contact / Referral Name | S1: Salary | T1: Notes
A2: 2 | B2: 46281 | C2: NPCI | D2: Associate Data Science | E2: Hyderabad | F2: 1–3 yrs | G2: Not specified | H2: Naukri | I2: https://www.naukri.com/job-listings-associate-data-science-national-payments-corporation-of-india-hyderabad-1-to-3-years-140726503639?src=jobsearchDesk&sid=17895771410245717&xp=1&px=1&nignbevent_src=jobsearchDeskGNB | J2: Python; SQL; ML; Fraud/Risk; Feature Engineering; GenAI | K2: =IF(J2="","",ROUND(MIN(100,COUNTIF(J2,"*Python*")*20+COUNTIF(J2,"*SQL*")*20+COUNTIF(J2,"*ML*")*20+COUNTIF(J2,"*Data Science*")*20+COUNTIF(J2,"*Analytics*")*10+COUNTIF(J2,"*Statistics*")*10),0)) -> 60 | L2: Needed | M2: No | O2: Not Applied | S2: Not disclosed | T2: Target role
A3: 3 | B3: 46281 | C3: Amgen | D3: Associate Data Science | E3: Hyderabad | F3: Not specified | G3: Not specified | H3: LinkedIn | I3: https://in.linkedin.com/jobs/data-scientist-associate-jobs | J3: Python; SQL; EDA; Feature Engineering; Predictive Modelling | K3: =IF(J3="","",ROUND(MIN(100,COUNTIF(J3,"*Python*")*20+COUNTIF(J3,"*SQL*")*20+COUNTIF(J3,"*ML*")*20+COUNTIF(J3,"*Data Science*")*20+COUNTIF(J3,"*Analytics*")*10+COUNTIF(J3,"*Statistics*")*10),0)) -> 40 | L3: Needed | M3: No | O3: Not Applied | S3: Not listed | T3: Track exact posting
A4: 4 | B4: 46281 | C4: Circle K | D4: Associate Data Scientist – Enterprise & Reporting | E4: Gurugram / India | F4: Not specified | G4: Not specified | H4: Company Careers | I4: https://circlek.wd3.myworkdayjobs.com/en-US/CircleKStoreJobs/job/Associate-Data-Scientist---Enterprise---Reporting_R602359-4 | J4: Data Cleaning; EDA; Model Building; Advanced Analytics | K4: =IF(J4="","",ROUND(MIN(100,COUNTIF(J4,"*Python*")*20+COUNTIF(J4,"*SQL*")*20+COUNTIF(J4,"*ML*")*20+COUNTIF(J4,"*Data Science*")*20+COUNTIF(J4,"*Analytics*")*10+COUNTIF(J4,"*Statistics*")*10),0)) -> 10 | L4: Needed | M4: No | O4: Not Applied | S4: Not listed | T4: Posting deadline shown as Sep 15, 2026; verify before applying
A5: 5 | B5: 46281 | C5: JPMorganChase | D5: Data Scientist Associate – Payments Data & Analytics | E5: Mumbai | F5: Not specified | G5: Not specified | H5: LinkedIn | I5: https://in.linkedin.com/jobs/data-scientist-associate-jobs | J5: Data Science; Payments; Analytics; ML | K5: =IF(J5="","",ROUND(MIN(100,COUNTIF(J5,"*Python*")*20+COUNTIF(J5,"*SQL*")*20+COUNTIF(J5,"*ML*")*20+COUNTIF(J5,"*Data Science*")*20+COUNTIF(J5,"*Analytics*")*10+COUNTIF(J5,"*Statistics*")*10),0)) -> 50 | L5: Needed | M5: No | O5: Not Applied | S5: Not listed | T5: Search exact posting
A6: 6 | B6: 46281 | C6: JPMorganChase | D6: Data Scientist Associate | E6: Bengaluru | F6: Not specified | G6: Not specified | H6: LinkedIn | I6: https://in.linkedin.com/jobs/data-scientist-associate-jobs | J6: Data Science; Analytics; ML | K6: =IF(J6="","",ROUND(MIN(100,COUNTIF(J6,"*Python*")*20+COUNTIF(J6,"*SQL*")*20+COUNTIF(J6,"*ML*")*20+COUNTIF(J6,"*Data Science*")*20+COUNTIF(J6,"*Analytics*")*10+COUNTIF(J6,"*Statistics*")*10),0)) -> 50 | L6: Needed | M6: No | O6: Not Applied | S6: Not listed | T6: Search exact posting
A7: 7 | B7: 46281 | C7: ZIGRAM | D7: Associate Data Scientist | E7: Gurugram | F7: Not specified | G7: Not specified | H7: LinkedIn | I7: https://in.linkedin.com/jobs/data-scientist-associate-jobs | J7: Python; SQL; Data Science; ML | K7: =IF(J7="","",ROUND(MIN(100,COUNTIF(J7,"*Python*")*20+COUNTIF(J7,"*SQL*")*20+COUNTIF(J7,"*ML*")*20+COUNTIF(J7,"*Data Science*")*20+COUNTIF(J7,"*Analytics*")*10+COUNTIF(J7,"*Statistics*")*10),0)) -> 80 | L7: Needed | M7: No | O7: Not Applied | S7: Not listed | T7: Search exact posting
A8: 8 | B8: 46281 | C8: Aera Technology | D8: Associate Data Scientist – Optimization & Operations Research | E8: Pune | F8: Not specified | G8: Not specified | H8: LinkedIn | I8: https://in.linkedin.com/jobs/data-scientist-associate-jobs | J8: Optimization; Operations Research; Data Science | K8: =IF(J8="","",ROUND(MIN(100,COUNTIF(J8,"*Python*")*20+COUNTIF(J8,"*SQL*")*20+COUNTIF(J8,"*ML*")*20+COUNTIF(J8,"*Data Science*")*20+COUNTIF(J8,"*Analytics*")*10+COUNTIF(J8,"*Statistics*")*10),0)) -> 20 | L8: Needed | M8: No | O8: Not Applied | S8: Not listed | T8: Search exact posting
A9: 9 | B9: 46281 | C9: Trinity Life Sciences | D9: Associate Data Scientist, AI Engineering | E9: Bengaluru | F9: Not specified | G9: Not specified | H9: LinkedIn | I9: https://in.linkedin.com/jobs/data-scientist-associate-jobs | J9: AI; Data Science; ML | K9: =IF(J9="","",ROUND(MIN(100,COUNTIF(J9,"*Python*")*20+COUNTIF(J9,"*SQL*")*20+COUNTIF(J9,"*ML*")*20+COUNTIF(J9,"*Data Science*")*20+COUNTIF(J9,"*Analytics*")*10+COUNTIF(J9,"*Statistics*")*10),0)) -> 40 | L9: Needed | M9: No | O9: Not Applied | S9: Not listed | T9: Search exact posting
A10: 10 | B10: 46281 | C10: PwC Acceleration Center India | D10: Associate – Deals – Data Science | E10: Bengaluru | F10: Not specified | G10: Not specified | H10: LinkedIn | I10: https://in.linkedin.com/jobs/data-scientist-associate-jobs | J10: Data Science; Analytics; Business | K10: =IF(J10="","",ROUND(MIN(100,COUNTIF(J10,"*Python*")*20+COUNTIF(J10,"*SQL*")*20+COUNTIF(J10,"*ML*")*20+COUNTIF(J10,"*Data Science*")*20+COUNTIF(J10,"*Analytics*")*10+COUNTIF(J10,"*Statistics*")*10),0)) -> 30 | L10: Needed | M10: No | O10: Not Applied | S10: Not listed | T10: Search exact posting
A11: 11 | B11: 46281 | C11: BNP Paribas | D11: Associate – Data Scientist | E11: Mumbai | F11: Not specified | G11: Not specified | H11: LinkedIn | I11: https://in.linkedin.com/jobs/data-scientist-associate-jobs | J11: Python; SQL; Data Science; Analytics | K11: =IF(J11="","",ROUND(MIN(100,COUNTIF(J11,"*Python*")*20+COUNTIF(J11,"*SQL*")*20+COUNTIF(J11,"*ML*")*20+COUNTIF(J11,"*Data Science*")*20+COUNTIF(J11,"*Analytics*")*10+COUNTIF(J11,"*Statistics*")*10),0)) -> 70 | L11: Needed | M11: No | O11: Not Applied | S11: Not listed | T11: Search exact posting
A12: 12 | B12: 46281 | C12: Axtria – Ingenious Insights | D12: Associate – Decision Science | E12: Pune | F12: Not specified | G12: Not specified | H12: LinkedIn | I12: https://in.linkedin.com/jobs/data-scientist-associate-jobs | J12: Decision Science; Analytics; Statistics | K12: =IF(J12="","",ROUND(MIN(100,COUNTIF(J12,"*Python*")*20+COUNTIF(J12,"*SQL*")*20+COUNTIF(J12,"*ML*")*20+COUNTIF(J12,"*Data Science*")*20+COUNTIF(J12,"*Analytics*")*10+COUNTIF(J12,"*Statistics*")*10),0)) -> 20 | L12: Needed | M12: No | O12: Not Applied | S12: Not listed | T12: Search exact posting
A13: 13 | B13: 46281 | C13: RapidClaims | D13: Junior Data Scientist | E13: Bengaluru | F13: Not specified | G13: Not specified | H13: LinkedIn | I13: https://in.linkedin.com/jobs/data-scientist-associate-jobs | J13: Python; ML; Data Science | K13: =IF(J13="","",ROUND(MIN(100,COUNTIF(J13,"*Python*")*20+COUNTIF(J13,"*SQL*")*20+COUNTIF(J13,"*ML*")*20+COUNTIF(J13,"*Data Science*")*20+COUNTIF(J13,"*Analytics*")*10+COUNTIF(J13,"*Statistics*")*10),0)) -> 60 | L13: Needed | M13: No | O13: Not Applied | S13: Not listed | T13: Entry-level target
... A20: 20 | B20: 46281 | C20: Paytm | D20: Data Science – Data Scientist | E20: Bengaluru | F20: 0–1 yrs | G20: Not specified | H20: Indeed | I20: https://in.indeed.com/q-data-scientist-0-to-1-year-experience-jobs.html | J20: Data Science; Fraud/Risk; ML | K20: =IF(J20="","",ROUND(MIN(100,COUNTIF(J20,"*Python*")*20+COUNTIF(J20,"*SQL*")*20+COUNTIF(J20,"*ML*")*20+COUNTIF(J20,"*Data Science*")*20+COUNTIF(J20,"*Analytics*")*10+COUNTIF(J20,"*Statistics*")*10),0)) -> 40 | L20: Needed | M20: No | O20: Not Applied | S20: Not listed | T20: Indeed listing

Sheet Dashboard
A1: DATA SCIENCE JOB APPLICATION TRACKER
A4: Total Jobs | B4: =COUNTA('Job Tracker'!C2:C999) -> 19 | D4: Status | E4: Count
A5: Applications | B5: =COUNTIF('Job Tracker'!M2:M999,"Yes") -> 0 | D5: Not Applied | E5: =COUNTIF('Job Tracker'!O2:O999,D5) -> 19
A6: Shortlisted | B6: =COUNTIF('Job Tracker'!O2:O999,"Shortlisted") -> 0 | D6: Applied | E6: =COUNTIF('Job Tracker'!O2:O999,D6) -> 0
A7: Interviews | B7: =COUNTIF('Job Tracker'!O2:O999,"*Round") -> 0 | D7: Shortlisted | E7: =COUNTIF('Job Tracker'!O2:O999,D7) -> 0
A8: Offers | B8: =COUNTIF('Job Tracker'!O2:O999,"Offer") -> 0 | D8: Assessment | E8: =COUNTIF('Job Tracker'!O2:O999,D8) -> 0
A9: Rejected | B9: =COUNTIF('Job Tracker'!O2:O999,"Rejected") -> 0 | D9: HR Round | E9: =COUNTIF('Job Tracker'!O2:O999,D9) -> 0
A10: Follow-ups Due | B10: =COUNTIFS('Job Tracker'!P2:P999,"<="&TODAY(),'Job Tracker'!P2:P999,">0",'Job Tracker'!O2:O999,"<>Rejected",'Job Tracker'!O2:O999,"<>Offer") -> 0 | D10: Technical Round | E10: =COUNTIF('Job Tracker'!O2:O999,D10) -> 0
D11: Final Round | E11: =COUNTIF('Job Tracker'!O2:O999,D11) -> 0
D12: Offer | E12: =COUNTIF('Job Tracker'!O2:O999,D12) -> 0
A13: Suggested workflow | D13: Rejected | E13: =COUNTIF('Job Tracker'!O2:O999,D13) -> 0
A14: 1. Add every relevant job to Job Tracker. | D14: On Hold | E14: =COUNTIF('Job Tracker'!O2:O999,D14) -> 0
A15: 2. Open the Job URL and verify the posting is still active.
A16: 3. Mark Applied? = Yes only after submitting.
A17: 4. Add a Follow-up Date (e.g., 5–7 days after applying).
A18: 5. Update Status after every assessment/interview.
A19: 6. Use Referral and Contact / Referral Name to track networking.

Sheet Lists & Instructions
A1: TRACKER SETTINGS
A3: Status values | C3: Platforms | E3: Core skills to track
A4: Not Applied | C4: Naukri | E4: Python
A5: Applied | C5: Indeed | E5: SQL / MySQL
A6: Shortlisted | C6: LinkedIn | E6: Pandas
A7: Assessment | C7: Company Careers | E7: NumPy
A8: HR Round | C8: Glassdoor | E8: EDA
A9: Technical Round | C9: Shine | E9: Statistics
A10: Final Round | C10: Referral | E10: Machine Learning
A11: Offer | C11: Other | E11: Scikit-learn
A12: Rejected | E12: Power BI
A13: On Hold | E13: Excel
E14: NLP
E15: GenAI
E16: Git/GitHub
A20: Seed jobs were collected from current job-search results on 16-Sep-2026; always verify the live posting before applying.
